{
  "x": 0.293656,
  "y": 0.012288,
  "z": 0.273095,
  "qx": 0.0,
  "qy": 0.0,
  "qz": 0.0,
  "qw": 1.0
}
